variable,count,mean,std,min,25%,50%,75%,max,original
dummy1,1000.0,0.0006204387614546627,0.010720307858483876,-0.0320185521796272,-0.006721041336915826,0.00078039816242985,0.008106707950703925,0.0361366643952152,-0.0057646898772958
dummy2,1000.0,-0.0006848052540381203,0.010489586698508328,-0.0378980268542576,-0.008286859704540425,-0.0007511740031844001,0.006758807318312775,0.0309988326801899,0.0004244264234642
x1,1000.0,-0.025886135530499045,3.100875364141255,-9.033713546767723,-2.181014693089608,-0.1382434307159126,2.0785688812503924,28.203671386889106,28.203671386889106
x2,1000.0,0.26475944586800904,8.060709953684494,-21.529217668224483,-4.874649373748637,0.032171901530945554,5.4276027650786425,75.0506129705999,75.0506129705999
x3,1000.0,0.05430154973186205,1.9176358127091866,-5.21204227275876,-1.2135285005454968,0.02907250827857405,1.2603103809062408,17.75389842159965,17.75389842159965
